rank;title;revenue;ceo;title;sector;industry;hq;website;years;employees
1;Walmart;$485,873;NA;NA;NA;NA;NA;NA;NA;NA;
2;Berkshire Hathaway;$223,604;NA;NA;NA;NA;NA;NA;NA;NA;
3;Apple;$215,639;NA;NA;NA;NA;NA;NA;NA;NA;
4;Exxon Mobil;$205,004;NA;NA;NA;NA;NA;NA;NA;NA;
5;McKesson;$192,487;NA;NA;NA;NA;NA;NA;NA;NA;
6;UnitedHealth Group;$184,840;NA;NA;NA;NA;NA;NA;NA;NA;
7;CVS Health;$177,526;NA;NA;NA;NA;NA;NA;NA;NA;
8;General Motors;$166,380;NA;NA;NA;NA;NA;NA;NA;NA;
9;AT&T;$163,786;NA;NA;NA;NA;NA;NA;NA;NA;
10;Ford Motor;$151,800;NA;NA;NA;NA;NA;NA;NA;NA;
11;AmerisourceBergen;$146,850;NA;NA;NA;NA;NA;NA;NA;NA;
12;Amazon.com;$135,987;NA;NA;NA;NA;NA;NA;NA;NA;
13;General Electric;$126,661;NA;NA;NA;NA;NA;NA;NA;NA;
14;Verizon Communications;$125,980;NA;NA;NA;NA;NA;NA;NA;NA;
15;Cardinal Health;$121,546;NA;NA;NA;NA;NA;NA;NA;NA;
16;Costco;$118,719;NA;NA;NA;NA;NA;NA;NA;NA;
17;Walgreens Boots Alliance;$117,351;NA;NA;NA;NA;NA;NA;NA;NA;
18;Kroger;$115,337;NA;NA;NA;NA;NA;NA;NA;NA;
19;Chevron;$107,567;NA;NA;NA;NA;NA;NA;NA;NA;
20;Fannie Mae;$107,162;NA;NA;NA;NA;NA;NA;NA;NA;
21;J.P. Morgan Chase;$105,486;NA;NA;NA;NA;NA;NA;NA;NA;
22;Express Scripts Holding;$100,288;NA;NA;NA;NA;NA;NA;NA;NA;
23;Home Depot;$94,595;NA;NA;NA;NA;NA;NA;NA;NA;
24;Boeing;$94,571;NA;NA;NA;NA;NA;NA;NA;NA;
25;Wells Fargo;$94,176;NA;NA;NA;NA;NA;NA;NA;NA;
26;Bank of America Corp.;$93,662;NA;NA;NA;NA;NA;NA;NA;NA;
27;Alphabet;$90,272;NA;NA;NA;NA;NA;NA;NA;NA;
28;Microsoft;$85,320;NA;NA;NA;NA;NA;NA;NA;NA;
29;Anthem;$84,863;NA;NA;NA;NA;NA;NA;NA;NA;
30;Citigroup;$82,386;NA;NA;NA;NA;NA;NA;NA;NA;
31;Comcast;$80,403;NA;NA;NA;NA;NA;NA;NA;NA;
32;IBM;$79,919;NA;NA;NA;NA;NA;NA;NA;NA;
33;State Farm Insurance Cos.;$76,132;NA;NA;NA;NA;NA;NA;NA;NA;
34;Phillips 66;$72,396;NA;NA;NA;NA;NA;NA;NA;NA;
35;Johnson & Johnson;$71,890;NA;NA;NA;NA;NA;NA;NA;NA;
36;Procter & Gamble;$71,726;NA;NA;NA;NA;NA;NA;NA;NA;
37;Valero Energy;$70,166;NA;NA;NA;NA;NA;NA;NA;NA;
38;Target;$69,495;NA;NA;NA;NA;NA;NA;NA;NA;
39;Freddie Mac;$65,665;NA;NA;NA;NA;NA;NA;NA;NA;
40;Lowe’s;$65,017;NA;NA;NA;NA;NA;NA;NA;NA;
41;Dell Technologies;$64,806;NA;NA;NA;NA;NA;NA;NA;NA;
42;MetLife;$63,476;NA;NA;NA;NA;NA;NA;NA;NA;
43;Aetna;$63,155;NA;NA;NA;NA;NA;NA;NA;NA;
44;PepsiCo;$62,799;NA;NA;NA;NA;NA;NA;NA;NA;
45;Archer Daniels Midland;$62,346;NA;NA;NA;NA;NA;NA;NA;NA;
46;UPS;$60,906;NA;NA;NA;NA;NA;NA;NA;NA;
47;Intel;$59,387;NA;NA;NA;NA;NA;NA;NA;NA;
48;Prudential Financial;$58,779;NA;NA;NA;NA;NA;NA;NA;NA;
49;Albertsons Cos.;$58,734;NA;NA;NA;NA;NA;NA;NA;NA;
50;United Technologies;$57,244;NA;NA;NA;NA;NA;NA;NA;NA;
51;Marathon Petroleum;$55,858;NA;NA;NA;NA;NA;NA;NA;NA;
52;Disney;$55,632;NA;NA;NA;NA;NA;NA;NA;NA;
53;Humana;$54,379;NA;NA;NA;NA;NA;NA;NA;NA;
54;Pfizer;$52,824;NA;NA;NA;NA;NA;NA;NA;NA;
55;AIG;$52,367;NA;NA;NA;NA;NA;NA;NA;NA;
56;Lockheed Martin;$50,658;NA;NA;NA;NA;NA;NA;NA;NA;
57;Sysco;$50,367;NA;NA;NA;NA;NA;NA;NA;NA;
58;FedEx;$50,365;NA;NA;NA;NA;NA;NA;NA;NA;
59;Hewlett Packard Enterprise;$50,123;NA;NA;NA;NA;NA;NA;NA;NA;
60;Cisco Systems;$49,247;NA;NA;NA;NA;NA;NA;NA;NA;
61;HP;$48,238;NA;NA;NA;NA;NA;NA;NA;NA;
62;Dow Chemical;$48,158;NA;NA;NA;NA;NA;NA;NA;NA;
63;HCA Holdings;$44,747;NA;NA;NA;NA;NA;NA;NA;NA;
64;Coca-Cola;$41,863;NA;NA;NA;NA;NA;NA;NA;NA;
65;New York Life Insurance;$40,787;NA;NA;NA;NA;NA;NA;NA;NA;
66;Centene;$40,721;NA;NA;NA;NA;NA;NA;NA;NA;
67;American Airlines Group;$40,180;NA;NA;NA;NA;NA;NA;NA;NA;
68;Nationwide;$40,074;NA;NA;NA;NA;NA;NA;NA;NA;
69;Merck;$39,807;NA;NA;NA;NA;NA;NA;NA;NA;
70;Cigna;$39,668;NA;NA;NA;NA;NA;NA;NA;NA;
71;Delta Air Lines;$39,639;NA;NA;NA;NA;NA;NA;NA;NA;
72;Best Buy;$39,403;NA;NA;NA;NA;NA;NA;NA;NA;
73;Honeywell International;$39,302;NA;NA;NA;NA;NA;NA;NA;NA;
74;Caterpillar;$38,537;NA;NA;NA;NA;NA;NA;NA;NA;
75;Liberty Mutual Insurance Group;$38,308;NA;NA;NA;NA;NA;NA;NA;NA;
76;Morgan Stanley;$37,949;NA;NA;NA;NA;NA;NA;NA;NA;
77;Massachusetts Mutual Life Insurance;$37,788;NA;NA;NA;NA;NA;NA;NA;NA;
78;Goldman Sachs Group;$37,712;NA;NA;NA;NA;NA;NA;NA;NA;
79;Energy Transfer Equity;$37,504;NA;NA;NA;NA;NA;NA;NA;NA;
80;TIAA;$37,105;NA;NA;NA;NA;NA;NA;NA;NA;
81;Oracle;$37,047;NA;NA;NA;NA;NA;NA;NA;NA;
82;Tyson Foods;$36,881;NA;NA;NA;NA;NA;NA;NA;NA;
83;United Continental Holdings;$36,556;NA;NA;NA;NA;NA;NA;NA;NA;
84;Allstate;$36,534;NA;NA;NA;NA;NA;NA;NA;NA;
85;Publix Super Markets;$34,274;NA;NA;NA;NA;NA;NA;NA;NA;
86;American Express;$33,823;NA;NA;NA;NA;NA;NA;NA;NA;
87;TJX;$33,184;NA;NA;NA;NA;NA;NA;NA;NA;
88;Nike;$32,376;NA;NA;NA;NA;NA;NA;NA;NA;
89;Exelon;$31,360;NA;NA;NA;NA;NA;NA;NA;NA;
90;General Dynamics;$31,353;NA;NA;NA;NA;NA;NA;NA;NA;
91;Rite Aid;$30,737;NA;NA;NA;NA;NA;NA;NA;NA;
92;Gilead Sciences;$30,390;NA;NA;NA;NA;NA;NA;NA;NA;
93;CHS;$30,347;NA;NA;NA;NA;NA;NA;NA;NA;
94;3M;$30,109;NA;NA;NA;NA;NA;NA;NA;NA;
95;Time Warner;$29,318;NA;NA;NA;NA;NA;NA;NA;NA;
96;Charter Communications;$29,003;NA;NA;NA;NA;NA;NA;NA;NA;
97;Northwestern Mutual;$28,799;NA;NA;NA;NA;NA;NA;NA;NA;
98;Facebook;$27,638;NA;NA;NA;NA;NA;NA;NA;NA;
99;Travelers Cos.;$27,625;NA;NA;NA;NA;NA;NA;NA;NA;
100;Capital One Financial;$27,519;NA;NA;NA;NA;NA;NA;NA;NA;
101;Twenty-First Century Fox;$27,326;NA;NA;NA;NA;NA;NA;NA;NA;
102;USAA;$27,131;NA;NA;NA;NA;NA;NA;NA;NA;
103;World Fuel Services;$27,016;NA;NA;NA;NA;NA;NA;NA;NA;
104;Philip Morris International;$26,685;NA;NA;NA;NA;NA;NA;NA;NA;
105;Deere;$26,644;NA;NA;NA;NA;NA;NA;NA;NA;
106;Kraft Heinz;$26,487;NA;NA;NA;NA;NA;NA;NA;NA;
107;Tech Data;$26,235;NA;NA;NA;NA;NA;NA;NA;NA;
108;Avnet;$26,219;NA;NA;NA;NA;NA;NA;NA;NA;
109;Mondelez International;$25,923;NA;NA;NA;NA;NA;NA;NA;NA;
110;Macy’s;$25,778;NA;NA;NA;NA;NA;NA;NA;NA;
111;AbbVie;$25,638;NA;NA;NA;NA;NA;NA;NA;NA;
112;McDonald’s;$24,622;NA;NA;NA;NA;NA;NA;NA;NA;
113;DuPont;$24,594;NA;NA;NA;NA;NA;NA;NA;NA;
114;Northrop Grumman;$24,508;NA;NA;NA;NA;NA;NA;NA;NA;
115;ConocoPhillips;$24,360;NA;NA;NA;NA;NA;NA;NA;NA;
116;Raytheon;$24,069;NA;NA;NA;NA;NA;NA;NA;NA;
117;Andeavor;$24,005;NA;NA;NA;NA;NA;NA;NA;NA;
118;Arrow Electronics;$23,825;NA;NA;NA;NA;NA;NA;NA;NA;
119;Qualcomm;$23,554;NA;NA;NA;NA;NA;NA;NA;NA;
120;Progressive;$23,441;NA;NA;NA;NA;NA;NA;NA;NA;
121;Duke Energy;$23,369;NA;NA;NA;NA;NA;NA;NA;NA;
122;Enterprise Products Partners;$23,022;NA;NA;NA;NA;NA;NA;NA;NA;
123;Amgen;$22,991;NA;NA;NA;NA;NA;NA;NA;NA;
124;US Foods Holding;$22,919;NA;NA;NA;NA;NA;NA;NA;NA;
125;U.S. Bancorp;$22,744;NA;NA;NA;NA;NA;NA;NA;NA;
126;Aflac;$22,559;NA;NA;NA;NA;NA;NA;NA;NA;
127;Sears Holdings;$22,138;NA;NA;NA;NA;NA;NA;NA;NA;
128;Dollar General;$21,987;NA;NA;NA;NA;NA;NA;NA;NA;
129;AutoNation;$21,609;NA;NA;NA;NA;NA;NA;NA;NA;
130;Community Health Systems;$21,374;NA;NA;NA;NA;NA;NA;NA;NA;
131;Starbucks;$21,316;NA;NA;NA;NA;NA;NA;NA;NA;
132;Eli Lilly;$21,222;NA;NA;NA;NA;NA;NA;NA;NA;
133;International Paper;$21,079;NA;NA;NA;NA;NA;NA;NA;NA;
134;Tenet Healthcare;$21,070;NA;NA;NA;NA;NA;NA;NA;NA;
135;Abbott Laboratories;$20,853;NA;NA;NA;NA;NA;NA;NA;NA;
136;Dollar Tree;$20,719;NA;NA;NA;NA;NA;NA;NA;NA;
137;Whirlpool;$20,718;NA;NA;NA;NA;NA;NA;NA;NA;
138;Southwest Airlines;$20,425;NA;NA;NA;NA;NA;NA;NA;NA;
139;Emerson Electric;$20,268;NA;NA;NA;NA;NA;NA;NA;NA;
140;Staples;$20,217;NA;NA;NA;NA;NA;NA;NA;NA;
141;Plains GP Holdings;$20,182;NA;NA;NA;NA;NA;NA;NA;NA;
142;Penske Automotive Group;$20,143;NA;NA;NA;NA;NA;NA;NA;NA;
143;Union Pacific;$19,941;NA;NA;NA;NA;NA;NA;NA;NA;
144;Danaher;$19,912;NA;NA;NA;NA;NA;NA;NA;NA;
145;Southern;$19,896;NA;NA;NA;NA;NA;NA;NA;NA;
146;ManpowerGroup;$19,654;NA;NA;NA;NA;NA;NA;NA;NA;
147;Bristol-Myers Squibb;$19,427;NA;NA;NA;NA;NA;NA;NA;NA;
148;Altria Group;$19,337;NA;NA;NA;NA;NA;NA;NA;NA;
149;Fluor;$19,037;NA;NA;NA;NA;NA;NA;NA;NA;
150;Kohl’s;$18,686;NA;NA;NA;NA;NA;NA;NA;NA;
151;Lear;$18,558;NA;NA;NA;NA;NA;NA;NA;NA;
152;Jabil;$18,353;NA;NA;NA;NA;NA;NA;NA;NA;
153;Hartford Financial Services Group;$18,300;NA;NA;NA;NA;NA;NA;NA;NA;
154;Thermo Fisher Scientific;$18,274;NA;NA;NA;NA;NA;NA;NA;NA;
155;Kimberly-Clark;$18,202;NA;NA;NA;NA;NA;NA;NA;NA;
156;Molina Healthcare;$17,782;NA;NA;NA;NA;NA;NA;NA;NA;
157;PG&E Corp.;$17,666;NA;NA;NA;NA;NA;NA;NA;NA;
158;Supervalu;$17,529;NA;NA;NA;NA;NA;NA;NA;NA;
159;Cummins;$17,509;NA;NA;NA;NA;NA;NA;NA;NA;
160;CenturyLink;$17,470;NA;NA;NA;NA;NA;NA;NA;NA;
161;AECOM;$17,411;NA;NA;NA;NA;NA;NA;NA;NA;
162;Xerox;$17,126;NA;NA;NA;NA;NA;NA;NA;NA;
163;Marriott International;$17,072;NA;NA;NA;NA;NA;NA;NA;NA;
164;Paccar;$17,033;NA;NA;NA;NA;NA;NA;NA;NA;
165;General Mills;$16,563;NA;NA;NA;NA;NA;NA;NA;NA;
166;PNC Financial Services Group;$16,423;NA;NA;NA;NA;NA;NA;NA;NA;
167;American Electric Power;$16,380;NA;NA;NA;NA;NA;NA;NA;NA;
168;Icahn Enterprises;$16,348;NA;NA;NA;NA;NA;NA;NA;NA;
169;Nucor;$16,208;NA;NA;NA;NA;NA;NA;NA;NA;
170;NextEra Energy;$16,155;NA;NA;NA;NA;NA;NA;NA;NA;
171;Performance Food Group;$16,105;NA;NA;NA;NA;NA;NA;NA;NA;
172;PBF Energy;$15,920;NA;NA;NA;NA;NA;NA;NA;NA;
173;Halliburton;$15,887;NA;NA;NA;NA;NA;NA;NA;NA;
174;CarMax;$15,833;NA;NA;NA;NA;NA;NA;NA;NA;
175;Freeport-McMoRan;$15,789;NA;NA;NA;NA;NA;NA;NA;NA;
176;Whole Foods Market;$15,724;NA;NA;NA;NA;NA;NA;NA;NA;
177;Bank of New York Mellon;$15,683;NA;NA;NA;NA;NA;NA;NA;NA;
178;Gap;$15,516;NA;NA;NA;NA;NA;NA;NA;NA;
179;Omnicom Group;$15,417;NA;NA;NA;NA;NA;NA;NA;NA;
180;Genuine Parts;$15,340;NA;NA;NA;NA;NA;NA;NA;NA;
181;DaVita;$15,197;NA;NA;NA;NA;NA;NA;NA;NA;
182;Colgate-Palmolive;$15,195;NA;NA;NA;NA;NA;NA;NA;NA;
183;PPG Industries;$15,178;NA;NA;NA;NA;NA;NA;NA;NA;
184;Goodyear Tire & Rubber;$15,158;NA;NA;NA;NA;NA;NA;NA;NA;
185;Synchrony Financial;$15,122;NA;NA;NA;NA;NA;NA;NA;NA;
186;DISH Network;$15,095;NA;NA;NA;NA;NA;NA;NA;NA;
187;Visa;$15,082;NA;NA;NA;NA;NA;NA;NA;NA;
188;Nordstrom;$14,757;NA;NA;NA;NA;NA;NA;NA;NA;
189;INTL FCStone;$14,755;NA;NA;NA;NA;NA;NA;NA;NA;
190;WestRock;$14,706;NA;NA;NA;NA;NA;NA;NA;NA;
191;XPO Logistics;$14,619;NA;NA;NA;NA;NA;NA;NA;NA;
192;Aramark;$14,416;NA;NA;NA;NA;NA;NA;NA;NA;
193;CBS;$14,386;NA;NA;NA;NA;NA;NA;NA;NA;
194;AES;$14,287;NA;NA;NA;NA;NA;NA;NA;NA;
195;WellCare Health Plans;$14,237;NA;NA;NA;NA;NA;NA;NA;NA;
196;FirstEnergy;$14,156;NA;NA;NA;NA;NA;NA;NA;NA;
197;Conagra Brands;$14,134;NA;NA;NA;NA;NA;NA;NA;NA;
198;Synnex;$14,062;NA;NA;NA;NA;NA;NA;NA;NA;
199;CDW;$13,982;NA;NA;NA;NA;NA;NA;NA;NA;
200;Textron;$13,788;NA;NA;NA;NA;NA;NA;NA;NA;
201;Waste Management;$13,609;NA;NA;NA;NA;NA;NA;NA;NA;
202;Illinois Tool Works;$13,599;NA;NA;NA;NA;NA;NA;NA;NA;
203;Office Depot;$13,585;NA;NA;NA;NA;NA;NA;NA;NA;
204;Monsanto;$13,502;NA;NA;NA;NA;NA;NA;NA;NA;
205;Cognizant Technology Solutions;$13,487;NA;NA;NA;NA;NA;NA;NA;NA;
206;Texas Instruments;$13,370;NA;NA;NA;NA;NA;NA;NA;NA;
207;Lincoln National;$13,330;NA;NA;NA;NA;NA;NA;NA;NA;
208;Newell Brands;$13,264;NA;NA;NA;NA;NA;NA;NA;NA;
209;Land O’Lakes;$13,233;NA;NA;NA;NA;NA;NA;NA;NA;
210;Marsh & McLennan;$13,211;NA;NA;NA;NA;NA;NA;NA;NA;
211;Ecolab;$13,153;NA;NA;NA;NA;NA;NA;NA;NA;
212;C.H. Robinson Worldwide;$13,144;NA;NA;NA;NA;NA;NA;NA;NA;
213;Loews;$13,105;NA;NA;NA;NA;NA;NA;NA;NA;
214;CBRE Group;$13,072;NA;NA;NA;NA;NA;NA;NA;NA;
215;Kinder Morgan;$13,058;NA;NA;NA;NA;NA;NA;NA;NA;
216;Kellogg;$13,014;NA;NA;NA;NA;NA;NA;NA;NA;
217;Western Digital;$12,994;NA;NA;NA;NA;NA;NA;NA;NA;
218;Guardian Life Ins. Co. of America;$12,919;NA;NA;NA;NA;NA;NA;NA;NA;
219;Ross Stores;$12,867;NA;NA;NA;NA;NA;NA;NA;NA;
220;L Brands;$12,574;NA;NA;NA;NA;NA;NA;NA;NA;
221;J.C. Penney;$12,547;NA;NA;NA;NA;NA;NA;NA;NA;
222;Farmers Insurance Exchange;$12,513;NA;NA;NA;NA;NA;NA;NA;NA;
223;Reynolds American;$12,503;NA;NA;NA;NA;NA;NA;NA;NA;
224;Viacom;$12,488;NA;NA;NA;NA;NA;NA;NA;NA;
225;Becton Dickinson;$12,483;NA;NA;NA;NA;NA;NA;NA;NA;
226;Micron Technology;$12,399;NA;NA;NA;NA;NA;NA;NA;NA;
227;Principal Financial;$12,394;NA;NA;NA;NA;NA;NA;NA;NA;
228;Arconic;$12,394;NA;NA;NA;NA;NA;NA;NA;NA;
229;NRG Energy;$12,351;NA;NA;NA;NA;NA;NA;NA;NA;
230;VF;$12,207;NA;NA;NA;NA;NA;NA;NA;NA;
231;Devon Energy;$12,197;NA;NA;NA;NA;NA;NA;NA;NA;
232;D.R. Horton;$12,157;NA;NA;NA;NA;NA;NA;NA;NA;
233;Bed Bath & Beyond;$12,104;NA;NA;NA;NA;NA;NA;NA;NA;
234;Consolidated Edison;$12,075;NA;NA;NA;NA;NA;NA;NA;NA;
235;Edison International;$11,869;NA;NA;NA;NA;NA;NA;NA;NA;
236;Sherwin-Williams;$11,856;NA;NA;NA;NA;NA;NA;NA;NA;
237;NGL Energy Partners;$11,742;NA;NA;NA;NA;NA;NA;NA;NA;
238;Dominion Energy;$11,737;NA;NA;NA;NA;NA;NA;NA;NA;
239;Ameriprise Financial;$11,735;NA;NA;NA;NA;NA;NA;NA;NA;
240;ADP;$11,668;NA;NA;NA;NA;NA;NA;NA;NA;
241;Hilton Worldwide Holdings;$11,663;NA;NA;NA;NA;NA;NA;NA;NA;
242;First Data;$11,584;NA;NA;NA;NA;NA;NA;NA;NA;
243;Henry Schein;$11,572;NA;NA;NA;NA;NA;NA;NA;NA;
244;Toys “R” Us;$11,540;NA;NA;NA;NA;NA;NA;NA;NA;
245;BB&T Corp.;$11,538;NA;NA;NA;NA;NA;NA;NA;NA;
246;Reinsurance Group of America;$11,522;NA;NA;NA;NA;NA;NA;NA;NA;
247;Core-Mark Holding;$11,507;NA;NA;NA;NA;NA;NA;NA;NA;
248;Biogen;$11,449;NA;NA;NA;NA;NA;NA;NA;NA;
249;Las Vegas Sands;$11,410;NA;NA;NA;NA;NA;NA;NA;NA;
250;Stanley Black & Decker;$11,407;NA;NA;NA;NA;NA;NA;NA;NA;
251;Parker-Hannifin;$11,361;NA;NA;NA;NA;NA;NA;NA;NA;
252;Stryker;$11,325;NA;NA;NA;NA;NA;NA;NA;NA;
253;Estee Lauder;$11,262;NA;NA;NA;NA;NA;NA;NA;NA;
254;Celgene;$11,229;NA;NA;NA;NA;NA;NA;NA;NA;
255;BlackRock;$11,155;NA;NA;NA;NA;NA;NA;NA;NA;
256;Xcel Energy;$11,107;NA;NA;NA;NA;NA;NA;NA;NA;
257;CSX;$11,069;NA;NA;NA;NA;NA;NA;NA;NA;
258;Unum Group;$11,047;NA;NA;NA;NA;NA;NA;NA;NA;
259;Jacobs Engineering Group;$10,964;NA;NA;NA;NA;NA;NA;NA;NA;
260;Lennar;$10,950;NA;NA;NA;NA;NA;NA;NA;NA;
261;Group 1 Automotive;$10,888;NA;NA;NA;NA;NA;NA;NA;NA;
262;Leucadia National;$10,875;NA;NA;NA;NA;NA;NA;NA;NA;
263;Entergy;$10,846;NA;NA;NA;NA;NA;NA;NA;NA;
264;PayPal Holdings;$10,842;NA;NA;NA;NA;NA;NA;NA;NA;
265;Applied Materials;$10,825;NA;NA;NA;NA;NA;NA;NA;NA;
266;Voya Financial;$10,782;NA;NA;NA;NA;NA;NA;NA;NA;
267;Mastercard;$10,776;NA;NA;NA;NA;NA;NA;NA;NA;
268;Priceline Group;$10,743;NA;NA;NA;NA;NA;NA;NA;NA;
269;Liberty Interactive;$10,647;NA;NA;NA;NA;NA;NA;NA;NA;
270;AutoZone;$10,636;NA;NA;NA;NA;NA;NA;NA;NA;
271;State Street Corp.;$10,635;NA;NA;NA;NA;NA;NA;NA;NA;
272;DTE Energy;$10,630;NA;NA;NA;NA;NA;NA;NA;NA;
273;L3 Technologies;$10,597;NA;NA;NA;NA;NA;NA;NA;NA;
274;HollyFrontier;$10,536;NA;NA;NA;NA;NA;NA;NA;NA;
275;Praxair;$10,534;NA;NA;NA;NA;NA;NA;NA;NA;
276;Universal Health Services;$10,508;NA;NA;NA;NA;NA;NA;NA;NA;
277;Discover Financial Services;$10,497;NA;NA;NA;NA;NA;NA;NA;NA;
278;Occidental Petroleum;$10,398;NA;NA;NA;NA;NA;NA;NA;NA;
279;United States Steel;$10,261;NA;NA;NA;NA;NA;NA;NA;NA;
280;Sempra Energy;$10,183;NA;NA;NA;NA;NA;NA;NA;NA;
281;Baxter International;$10,163;NA;NA;NA;NA;NA;NA;NA;NA;
282;W.W. Grainger;$10,137;NA;NA;NA;NA;NA;NA;NA;NA;
283;Autoliv;$10,074;NA;NA;NA;NA;NA;NA;NA;NA;
284;Norfolk Southern;$9,888;NA;NA;NA;NA;NA;NA;NA;NA;
285;Baker Hughes;$9,841;NA;NA;NA;NA;NA;NA;NA;NA;
286;Ally Financial;$9,835;NA;NA;NA;NA;NA;NA;NA;NA;
287;Sonic Automotive;$9,732;NA;NA;NA;NA;NA;NA;NA;NA;
288;Owens & Minor;$9,723;NA;NA;NA;NA;NA;NA;NA;NA;
289;Huntsman;$9,657;NA;NA;NA;NA;NA;NA;NA;NA;
290;Laboratory Corp. of America;$9,642;NA;NA;NA;NA;NA;NA;NA;NA;
291;Murphy USA;$9,633;NA;NA;NA;NA;NA;NA;NA;NA;
292;Advance Auto Parts;$9,568;NA;NA;NA;NA;NA;NA;NA;NA;
293;Fidelity National Financial;$9,554;NA;NA;NA;NA;NA;NA;NA;NA;
294;Air Products & Chemicals;$9,524;NA;NA;NA;NA;NA;NA;NA;NA;
295;Hormel Foods;$9,523;NA;NA;NA;NA;NA;NA;NA;NA;
296;Hertz Global Holdings;$9,480;NA;NA;NA;NA;NA;NA;NA;NA;
297;MGM Resorts International;$9,455;NA;NA;NA;NA;NA;NA;NA;NA;
298;Corning;$9,390;NA;NA;NA;NA;NA;NA;NA;NA;
299;Republic Services;$9,388;NA;NA;NA;NA;NA;NA;NA;NA;
300;Alcoa;$9,318;NA;NA;NA;NA;NA;NA;NA;NA;
301;Fidelity National Information Services;$9,241;NA;NA;NA;NA;NA;NA;NA;NA;
302;Pacific Life;$9,169;NA;NA;NA;NA;NA;NA;NA;NA;
303;SunTrust Banks;$9,161;NA;NA;NA;NA;NA;NA;NA;NA;
304;LKQ;$9,082;NA;NA;NA;NA;NA;NA;NA;NA;
305;BorgWarner;$9,071;NA;NA;NA;NA;NA;NA;NA;NA;
306;Ball;$9,061;NA;NA;NA;NA;NA;NA;NA;NA;
306;CST Brands;$9,061;NA;NA;NA;NA;NA;NA;NA;NA;
306;Public Service Enterprise Group;$9,061;NA;NA;NA;NA;NA;NA;NA;NA;
309;Eastman Chemical;$9,008;NA;NA;NA;NA;NA;NA;NA;NA;
310;eBay;$8,979;NA;NA;NA;NA;NA;NA;NA;NA;
311;Mohawk Industries;$8,959;NA;NA;NA;NA;NA;NA;NA;NA;
312;Oneok;$8,921;NA;NA;NA;NA;NA;NA;NA;NA;
313;Frontier Communications;$8,896;NA;NA;NA;NA;NA;NA;NA;NA;
314;Netflix;$8,831;NA;NA;NA;NA;NA;NA;NA;NA;
315;American Family Insurance Group;$8,829;NA;NA;NA;NA;NA;NA;NA;NA;
316;Thrivent Financial for Lutherans;$8,777;NA;NA;NA;NA;NA;NA;NA;NA;
317;Expedia;$8,774;NA;NA;NA;NA;NA;NA;NA;NA;
318;Lithia Motors;$8,678;NA;NA;NA;NA;NA;NA;NA;NA;
319;Avis Budget Group;$8,659;NA;NA;NA;NA;NA;NA;NA;NA;
320;Reliance Steel & Aluminum;$8,613;NA;NA;NA;NA;NA;NA;NA;NA;
321;GameStop;$8,608;NA;NA;NA;NA;NA;NA;NA;NA;
322;Tenneco;$8,599;NA;NA;NA;NA;NA;NA;NA;NA;
323;O’Reilly Automotive;$8,593;NA;NA;NA;NA;NA;NA;NA;NA;
324;Peter Kiewit Sons’;$8,573;NA;NA;NA;NA;NA;NA;NA;NA;
325;United Natural Foods;$8,470;NA;NA;NA;NA;NA;NA;NA;NA;
326;salesforce.com;$8,392;NA;NA;NA;NA;NA;NA;NA;NA;
327;Boston Scientific;$8,386;NA;NA;NA;NA;NA;NA;NA;NA;
328;Newmont Mining;$8,379;NA;NA;NA;NA;NA;NA;NA;NA;
329;Genworth Financial;$8,369;NA;NA;NA;NA;NA;NA;NA;NA;
330;Live Nation Entertainment;$8,355;NA;NA;NA;NA;NA;NA;NA;NA;
331;Veritiv;$8,327;NA;NA;NA;NA;NA;NA;NA;NA;
332;News Corp.;$8,319;NA;NA;NA;NA;NA;NA;NA;NA;
333;Crown Holdings;$8,284;NA;NA;NA;NA;NA;NA;NA;NA;
334;Global Partners;$8,240;NA;NA;NA;NA;NA;NA;NA;NA;
335;PVH;$8,203;NA;NA;NA;NA;NA;NA;NA;NA;
336;Level 3 Communications;$8,172;NA;NA;NA;NA;NA;NA;NA;NA;
337;Navistar International;$8,111;NA;NA;NA;NA;NA;NA;NA;NA;
338;Univar;$8,074;NA;NA;NA;NA;NA;NA;NA;NA;
339;Campbell Soup;$7,961;NA;NA;NA;NA;NA;NA;NA;NA;
340;Dick’s Sporting Goods;$7,922;NA;NA;NA;NA;NA;NA;NA;NA;
341;Weyerhaeuser;$7,902;NA;NA;NA;NA;NA;NA;NA;NA;
342;Mutual of Omaha Insurance;$7,899;NA;NA;NA;NA;NA;NA;NA;NA;
343;Chesapeake Energy;$7,872;NA;NA;NA;NA;NA;NA;NA;NA;
344;Anadarko Petroleum;$7,869;NA;NA;NA;NA;NA;NA;NA;NA;
345;Interpublic Group;$7,847;NA;NA;NA;NA;NA;NA;NA;NA;
346;J.M. Smucker;$7,811;NA;NA;NA;NA;NA;NA;NA;NA;
347;Steel Dynamics;$7,777;NA;NA;NA;NA;NA;NA;NA;NA;
348;Foot Locker;$7,766;NA;NA;NA;NA;NA;NA;NA;NA;
349;Western Refining;$7,743;NA;NA;NA;NA;NA;NA;NA;NA;
350;SpartanNash;$7,735;NA;NA;NA;NA;NA;NA;NA;NA;
351;Dean Foods;$7,710;NA;NA;NA;NA;NA;NA;NA;NA;
352;Zimmer Biomet Holdings;$7,684;NA;NA;NA;NA;NA;NA;NA;NA;
353;PulteGroup;$7,669;NA;NA;NA;NA;NA;NA;NA;NA;
354;W.R. Berkley;$7,654;NA;NA;NA;NA;NA;NA;NA;NA;
355;Quanta Services;$7,651;NA;NA;NA;NA;NA;NA;NA;NA;
356;EOG Resources;$7,651;NA;NA;NA;NA;NA;NA;NA;NA;
357;Charles Schwab;$7,644;NA;NA;NA;NA;NA;NA;NA;NA;
358;Eversource Energy;$7,639;NA;NA;NA;NA;NA;NA;NA;NA;
359;Anixter International;$7,625;NA;NA;NA;NA;NA;NA;NA;NA;
360;EMCOR Group;$7,552;NA;NA;NA;NA;NA;NA;NA;NA;
361;Assurant;$7,532;NA;NA;NA;NA;NA;NA;NA;NA;
362;CenterPoint Energy;$7,528;NA;NA;NA;NA;NA;NA;NA;NA;
363;Harris;$7,527;NA;NA;NA;NA;NA;NA;NA;NA;
364;HD Supply Holdings;$7,524;NA;NA;NA;NA;NA;NA;NA;NA;
365;PPL;$7,517;NA;NA;NA;NA;NA;NA;NA;NA;
366;Quest Diagnostics;$7,515;NA;NA;NA;NA;NA;NA;NA;NA;
367;Williams;$7,499;NA;NA;NA;NA;NA;NA;NA;NA;
368;WEC Energy Group;$7,472;NA;NA;NA;NA;NA;NA;NA;NA;
369;Hershey;$7,440;NA;NA;NA;NA;NA;NA;NA;NA;
370;AGCO;$7,411;NA;NA;NA;NA;NA;NA;NA;NA;
371;Ralph Lauren;$7,405;NA;NA;NA;NA;NA;NA;NA;NA;
372;Masco;$7,357;NA;NA;NA;NA;NA;NA;NA;NA;
373;WESCO International;$7,336;NA;NA;NA;NA;NA;NA;NA;NA;
374;LifePoint Health;$7,274;NA;NA;NA;NA;NA;NA;NA;NA;
375;National Oilwell Varco;$7,251;NA;NA;NA;NA;NA;NA;NA;NA;
376;Kindred Healthcare;$7,227;NA;NA;NA;NA;NA;NA;NA;NA;
377;Mosaic;$7,163;NA;NA;NA;NA;NA;NA;NA;NA;
378;Alliance Data Systems;$7,138;NA;NA;NA;NA;NA;NA;NA;NA;
379;Computer Sciences;$7,106;NA;NA;NA;NA;NA;NA;NA;NA;
380;Huntington Ingalls Industries;$7,068;NA;NA;NA;NA;NA;NA;NA;NA;
381;Leidos Holdings;$7,043;NA;NA;NA;NA;NA;NA;NA;NA;
382;Erie Insurance Group;$7,016;NA;NA;NA;NA;NA;NA;NA;NA;
383;Tesla;$7,000;NA;NA;NA;NA;NA;NA;NA;NA;
384;Ascena Retail Group;$6,995;NA;NA;NA;NA;NA;NA;NA;NA;
385;Darden Restaurants;$6,934;NA;NA;NA;NA;NA;NA;NA;NA;
386;Harman International Industries;$6,912;NA;NA;NA;NA;NA;NA;NA;NA;
387;Nvidia;$6,910;NA;NA;NA;NA;NA;NA;NA;NA;
388;R.R. Donnelley & Sons;$6,896;NA;NA;NA;NA;NA;NA;NA;NA;
389;Fifth Third Bancorp;$6,889;NA;NA;NA;NA;NA;NA;NA;NA;
390;Quintiles IMS Holdings;$6,878;NA;NA;NA;NA;NA;NA;NA;NA;
391;Jones Lang LaSalle;$6,804;NA;NA;NA;NA;NA;NA;NA;NA;
392;Dover;$6,794;NA;NA;NA;NA;NA;NA;NA;NA;
393;Spirit AeroSystems Holdings;$6,793;NA;NA;NA;NA;NA;NA;NA;NA;
394;Ryder System;$6,787;NA;NA;NA;NA;NA;NA;NA;NA;
395;A-Mark Precious Metals;$6,784;NA;NA;NA;NA;NA;NA;NA;NA;
396;Tractor Supply;$6,780;NA;NA;NA;NA;NA;NA;NA;NA;
397;Sealed Air;$6,778;NA;NA;NA;NA;NA;NA;NA;NA;
398;Auto-Owners Insurance;$6,775;NA;NA;NA;NA;NA;NA;NA;NA;
399;Yum China Holdings;$6,752;NA;NA;NA;NA;NA;NA;NA;NA;
400;Calpine;$6,716;NA;NA;NA;NA;NA;NA;NA;NA;
401;Owens-Illinois;$6,702;NA;NA;NA;NA;NA;NA;NA;NA;
402;Targa Resources;$6,691;NA;NA;NA;NA;NA;NA;NA;NA;
403;JetBlue Airways;$6,632;NA;NA;NA;NA;NA;NA;NA;NA;
403;Jones Financial (Edward Jones);$6,632;NA;NA;NA;NA;NA;NA;NA;NA;
405;Franklin Resources;$6,618;NA;NA;NA;NA;NA;NA;NA;NA;
406;Activision Blizzard;$6,608;NA;NA;NA;NA;NA;NA;NA;NA;
407;J.B. Hunt Transport Services;$6,556;NA;NA;NA;NA;NA;NA;NA;NA;
408;Constellation Brands;$6,548;NA;NA;NA;NA;NA;NA;NA;NA;
409;NCR;$6,543;NA;NA;NA;NA;NA;NA;NA;NA;
410;Asbury Automotive Group;$6,528;NA;NA;NA;NA;NA;NA;NA;NA;
411;American Financial Group;$6,498;NA;NA;NA;NA;NA;NA;NA;NA;
412;Discovery Communications;$6,497;NA;NA;NA;NA;NA;NA;NA;NA;
413;Berry Global Group;$6,489;NA;NA;NA;NA;NA;NA;NA;NA;
414;Sanmina;$6,481;NA;NA;NA;NA;NA;NA;NA;NA;
415;CalAtlantic Group;$6,477;NA;NA;NA;NA;NA;NA;NA;NA;
416;Dr Pepper Snapple Group;$6,440;NA;NA;NA;NA;NA;NA;NA;NA;
417;Dillard’s;$6,418;NA;NA;NA;NA;NA;NA;NA;NA;
418;HRG Group;$6,403;NA;NA;NA;NA;NA;NA;NA;NA;
419;CMS Energy;$6,399;NA;NA;NA;NA;NA;NA;NA;NA;
420;Graybar Electric;$6,385;NA;NA;NA;NA;NA;NA;NA;NA;
421;Builders FirstSource;$6,367;NA;NA;NA;NA;NA;NA;NA;NA;
422;Yum Brands;$6,366;NA;NA;NA;NA;NA;NA;NA;NA;
423;Casey’s General Stores;$6,304;NA;NA;NA;NA;NA;NA;NA;NA;
424;Amphenol;$6,286;NA;NA;NA;NA;NA;NA;NA;NA;
425;Oshkosh;$6,279;NA;NA;NA;NA;NA;NA;NA;NA;
426;iHeartMedia;$6,274;NA;NA;NA;NA;NA;NA;NA;NA;
427;TreeHouse Foods;$6,175;NA;NA;NA;NA;NA;NA;NA;NA;
428;Alleghany;$6,131;NA;NA;NA;NA;NA;NA;NA;NA;
429;Expeditors International of Washington;$6,098;NA;NA;NA;NA;NA;NA;NA;NA;
430;Avery Dennison;$6,087;NA;NA;NA;NA;NA;NA;NA;NA;
431;Ameren;$6,076;NA;NA;NA;NA;NA;NA;NA;NA;
432;Hanesbrands;$6,063;NA;NA;NA;NA;NA;NA;NA;NA;
433;Motorola Solutions;$6,038;NA;NA;NA;NA;NA;NA;NA;NA;
434;St. Jude Medical;$6,004;NA;NA;NA;NA;NA;NA;NA;NA;
435;Harley-Davidson;$5,997;NA;NA;NA;NA;NA;NA;NA;NA;
436;Regions Financial;$5,967;NA;NA;NA;NA;NA;NA;NA;NA;
437;Intercontinental Exchange;$5,958;NA;NA;NA;NA;NA;NA;NA;NA;
438;Alaska Air Group;$5,931;NA;NA;NA;NA;NA;NA;NA;NA;
439;Old Republic International;$5,901;NA;NA;NA;NA;NA;NA;NA;NA;
440;Lam Research;$5,886;NA;NA;NA;NA;NA;NA;NA;NA;
441;AK Steel Holding;$5,883;NA;NA;NA;NA;NA;NA;NA;NA;
442;Rockwell Automation;$5,880;NA;NA;NA;NA;NA;NA;NA;NA;
443;Adobe Systems;$5,854;NA;NA;NA;NA;NA;NA;NA;NA;
444;Avon Products;$5,853;NA;NA;NA;NA;NA;NA;NA;NA;
445;Terex;$5,841;NA;NA;NA;NA;NA;NA;NA;NA;
446;NVR;$5,835;NA;NA;NA;NA;NA;NA;NA;NA;
447;Dana;$5,826;NA;NA;NA;NA;NA;NA;NA;NA;
448;Realogy Holdings;$5,810;NA;NA;NA;NA;NA;NA;NA;NA;
449;American Tower;$5,786;NA;NA;NA;NA;NA;NA;NA;NA;
450;Packaging Corp. of America;$5,779;NA;NA;NA;NA;NA;NA;NA;NA;
451;Citizens Financial Group;$5,763;NA;NA;NA;NA;NA;NA;NA;NA;
452;United Rentals;$5,762;NA;NA;NA;NA;NA;NA;NA;NA;
453;Clorox;$5,761;NA;NA;NA;NA;NA;NA;NA;NA;
454;Genesis Healthcare;$5,733;NA;NA;NA;NA;NA;NA;NA;NA;
455;M&T Bank Corp.;$5,722;NA;NA;NA;NA;NA;NA;NA;NA;
456;Ingredion;$5,704;NA;NA;NA;NA;NA;NA;NA;NA;
457;UGI;$5,686;NA;NA;NA;NA;NA;NA;NA;NA;
458;Owens Corning;$5,677;NA;NA;NA;NA;NA;NA;NA;NA;
459;S&P Global;$5,661;NA;NA;NA;NA;NA;NA;NA;NA;
460;Markel;$5,612;NA;NA;NA;NA;NA;NA;NA;NA;
461;Wyndham Worldwide;$5,599;NA;NA;NA;NA;NA;NA;NA;NA;
462;Arthur J. Gallagher;$5,595;NA;NA;NA;NA;NA;NA;NA;NA;
463;Burlington Stores;$5,591;NA;NA;NA;NA;NA;NA;NA;NA;
464;First American Financial;$5,576;NA;NA;NA;NA;NA;NA;NA;NA;
465;Symantec;$5,568;NA;NA;NA;NA;NA;NA;NA;NA;
466;Patterson;$5,555;NA;NA;NA;NA;NA;NA;NA;NA;
467;Olin;$5,551;NA;NA;NA;NA;NA;NA;NA;NA;
468;NetApp;$5,546;NA;NA;NA;NA;NA;NA;NA;NA;
469;Raymond James Financial;$5,520;NA;NA;NA;NA;NA;NA;NA;NA;
470;TravelCenters of America;$5,511;NA;NA;NA;NA;NA;NA;NA;NA;
471;Fiserv;$5,505;NA;NA;NA;NA;NA;NA;NA;NA;
472;Host Hotels & Resorts;$5,488;NA;NA;NA;NA;NA;NA;NA;NA;
473;Insight Enterprises;$5,486;NA;NA;NA;NA;NA;NA;NA;NA;
474;Mattel;$5,457;NA;NA;NA;NA;NA;NA;NA;NA;
475;AmTrust Financial Services;$5,451;NA;NA;NA;NA;NA;NA;NA;NA;
476;Cincinnati Financial;$5,449;NA;NA;NA;NA;NA;NA;NA;NA;
477;Simon Property Group;$5,435;NA;NA;NA;NA;NA;NA;NA;NA;
478;Western Union;$5,423;NA;NA;NA;NA;NA;NA;NA;NA;
479;KeyCorp;$5,422;NA;NA;NA;NA;NA;NA;NA;NA;
480;Delek US Holdings;$5,414;NA;NA;NA;NA;NA;NA;NA;NA;
481;Booz Allen Hamilton Holding;$5,406;NA;NA;NA;NA;NA;NA;NA;NA;
482;Chemours;$5,400;NA;NA;NA;NA;NA;NA;NA;NA;
483;Western & Southern Financial Group;$5,398;NA;NA;NA;NA;NA;NA;NA;NA;
484;Celanese;$5,389;NA;NA;NA;NA;NA;NA;NA;NA;
485;Windstream Holdings;$5,387;NA;NA;NA;NA;NA;NA;NA;NA;
486;Seaboard;$5,379;NA;NA;NA;NA;NA;NA;NA;NA;
487;Essendant;$5,369;NA;NA;NA;NA;NA;NA;NA;NA;
488;Apache;$5,354;NA;NA;NA;NA;NA;NA;NA;NA;
489;Airgas;$5,314;NA;NA;NA;NA;NA;NA;NA;NA;
490;Kelly Services;$5,277;NA;NA;NA;NA;NA;NA;NA;NA;
491;Liberty Media;$5,276;NA;NA;NA;NA;NA;NA;NA;NA;
492;Rockwell Collins;$5,259;NA;NA;NA;NA;NA;NA;NA;NA;
493;Robert Half International;$5,250;NA;NA;NA;NA;NA;NA;NA;NA;
494;CH2M Hill;$5,236;NA;NA;NA;NA;NA;NA;NA;NA;
495;Big Lots;$5,200;NA;NA;NA;NA;NA;NA;NA;NA;
496;Michaels Cos.;$5,197;NA;NA;NA;NA;NA;NA;NA;NA;
497;Toll Brothers;$5,170;NA;NA;NA;NA;NA;NA;NA;NA;
498;Yahoo;$5,169;NA;NA;NA;NA;NA;NA;NA;NA;
499;Vistra Energy;$5,164;NA;NA;NA;NA;NA;NA;NA;NA;
500;ABM Industries;$5,145;NA;NA;NA;NA;NA;NA;NA;NA;
501;Northern Trust;$5,144;NA;NA;NA;NA;NA;NA;NA;NA;
502;MasTec;$5,135;NA;NA;NA;NA;NA;NA;NA;NA;
503;Blackstone Group;$5,126;NA;NA;NA;NA;NA;NA;NA;NA;
504;Telephone & Data Systems;$5,104;NA;NA;NA;NA;NA;NA;NA;NA;
505;Domtar;$5,098;NA;NA;NA;NA;NA;NA;NA;NA;
506;Williams-Sonoma;$5,084;NA;NA;NA;NA;NA;NA;NA;NA;
507;Westlake Chemical;$5,076;NA;NA;NA;NA;NA;NA;NA;NA;
508;Post Holdings;$5,027;NA;NA;NA;NA;NA;NA;NA;NA;
509;Hasbro;$5,020;NA;NA;NA;NA;NA;NA;NA;NA;
510;Juniper Networks;$4,990;NA;NA;NA;NA;NA;NA;NA;NA;
511;Fortune Brands Home & Security;$4,985;NA;NA;NA;NA;NA;NA;NA;NA;
512;Brookdale Senior Living;$4,977;NA;NA;NA;NA;NA;NA;NA;NA;
513;Tutor Perini;$4,973;NA;NA;NA;NA;NA;NA;NA;NA;
514;Navient;$4,965;NA;NA;NA;NA;NA;NA;NA;NA;
515;Neiman Marcus Group;$4,950;NA;NA;NA;NA;NA;NA;NA;NA;
516;Ashland Global Holdings;$4,948;NA;NA;NA;NA;NA;NA;NA;NA;
517;Hanover Insurance Group;$4,946;NA;NA;NA;NA;NA;NA;NA;NA;
518;CommScope Holding;$4,924;NA;NA;NA;NA;NA;NA;NA;NA;
519;Spectra Energy;$4,916;NA;NA;NA;NA;NA;NA;NA;NA;
520;Cintas;$4,906;NA;NA;NA;NA;NA;NA;NA;NA;
521;Zoetis;$4,888;NA;NA;NA;NA;NA;NA;NA;NA;
522;Molson Coors Brewing;$4,885;NA;NA;NA;NA;NA;NA;NA;NA;
523;Regeneron Pharmaceuticals;$4,860;NA;NA;NA;NA;NA;NA;NA;NA;
524;Ulta Beauty;$4,855;NA;NA;NA;NA;NA;NA;NA;NA;
525;Hess;$4,844;NA;NA;NA;NA;NA;NA;NA;NA;
526;Magellan Health;$4,837;NA;NA;NA;NA;NA;NA;NA;NA;
527;Intuit;$4,831;NA;NA;NA;NA;NA;NA;NA;NA;
528;Under Armour;$4,825;NA;NA;NA;NA;NA;NA;NA;NA;
529;RPM International;$4,814;NA;NA;NA;NA;NA;NA;NA;NA;
530;Cerner;$4,797;NA;NA;NA;NA;NA;NA;NA;NA;
531;Sonoco Products;$4,783;NA;NA;NA;NA;NA;NA;NA;NA;
532;Securian Financial Group;$4,777;NA;NA;NA;NA;NA;NA;NA;NA;
533;Peabody Energy;$4,715;NA;NA;NA;NA;NA;NA;NA;NA;
534;YRC Worldwide;$4,698;NA;NA;NA;NA;NA;NA;NA;NA;
535;Commercial Metals;$4,652;NA;NA;NA;NA;NA;NA;NA;NA;
536;Marathon Oil;$4,650;NA;NA;NA;NA;NA;NA;NA;NA;
537;Polaris Industries;$4,595;NA;NA;NA;NA;NA;NA;NA;NA;
538;Envision Healthcare;$4,589;NA;NA;NA;NA;NA;NA;NA;NA;
539;Trinity Industries;$4,588;NA;NA;NA;NA;NA;NA;NA;NA;
540;Thor Industries;$4,582;NA;NA;NA;NA;NA;NA;NA;NA;
541;Caesars Entertainment;$4,555;NA;NA;NA;NA;NA;NA;NA;NA;
542;Levi Strauss;$4,553;NA;NA;NA;NA;NA;NA;NA;NA;
543;FMC Technologies;$4,542;NA;NA;NA;NA;NA;NA;NA;NA;
544;VWR;$4,514;NA;NA;NA;NA;NA;NA;NA;NA;
545;NiSource;$4,493;NA;NA;NA;NA;NA;NA;NA;NA;
546;Coach;$4,492;NA;NA;NA;NA;NA;NA;NA;NA;
547;Brunswick;$4,489;NA;NA;NA;NA;NA;NA;NA;NA;
548;Wynn Resorts;$4,466;NA;NA;NA;NA;NA;NA;NA;NA;
549;Orbital ATK;$4,455;NA;NA;NA;NA;NA;NA;NA;NA;
550;CIT Group;$4,453;NA;NA;NA;NA;NA;NA;NA;NA;
551;Science Applications International;$4,450;NA;NA;NA;NA;NA;NA;NA;NA;
552;Hyatt Hotels;$4,429;NA;NA;NA;NA;NA;NA;NA;NA;
553;McCormick;$4,412;NA;NA;NA;NA;NA;NA;NA;NA;
554;Diplomat Pharmacy;$4,410;NA;NA;NA;NA;NA;NA;NA;NA;
555;Barnes & Noble;$4,403;NA;NA;NA;NA;NA;NA;NA;NA;
556;Electronic Arts;$4,396;NA;NA;NA;NA;NA;NA;NA;NA;
557;FM Global;$4,374;NA;NA;NA;NA;NA;NA;NA;NA;
558;Coty;$4,349;NA;NA;NA;NA;NA;NA;NA;NA;
559;Smart & Final Stores;$4,342;NA;NA;NA;NA;NA;NA;NA;NA;
560;Quad/Graphics;$4,330;NA;NA;NA;NA;NA;NA;NA;NA;
561;Dynegy;$4,318;NA;NA;NA;NA;NA;NA;NA;NA;
562;Graphic Packaging Holding;$4,298;NA;NA;NA;NA;NA;NA;NA;NA;
563;Select Medical Holdings;$4,286;NA;NA;NA;NA;NA;NA;NA;NA;
564;Welltower;$4,281;NA;NA;NA;NA;NA;NA;NA;NA;
565;Advanced Micro Devices;$4,272;NA;NA;NA;NA;NA;NA;NA;NA;
566;USG;$4,269;NA;NA;NA;NA;NA;NA;NA;NA;
567;KBR;$4,268;NA;NA;NA;NA;NA;NA;NA;NA;
568;Bloomin’ Brands;$4,252;NA;NA;NA;NA;NA;NA;NA;NA;
569;MDU Resources Group;$4,252;NA;NA;NA;NA;NA;NA;NA;NA;
570;CSRA;$4,250;NA;NA;NA;NA;NA;NA;NA;NA;
571;Laureate Education;$4,244;NA;NA;NA;NA;NA;NA;NA;NA;
572;SCANA;$4,227;NA;NA;NA;NA;NA;NA;NA;NA;
573;T. Rowe Price;$4,223;NA;NA;NA;NA;NA;NA;NA;NA;
574;Watsco;$4,221;NA;NA;NA;NA;NA;NA;NA;NA;
575;Rush Enterprises;$4,215;NA;NA;NA;NA;NA;NA;NA;NA;
576;Agilent Technologies;$4,202;NA;NA;NA;NA;NA;NA;NA;NA;
577;WhiteWave Foods;$4,198;NA;NA;NA;NA;NA;NA;NA;NA;
578;Valspar;$4,191;NA;NA;NA;NA;NA;NA;NA;NA;
579;Total System Services;$4,170;NA;NA;NA;NA;NA;NA;NA;NA;
580;Torchmark;$4,158;NA;NA;NA;NA;NA;NA;NA;NA;
581;Cabela’s;$4,129;NA;NA;NA;NA;NA;NA;NA;NA;
582;Beacon Roofing Supply;$4,127;NA;NA;NA;NA;NA;NA;NA;NA;
583;CA;$4,052;NA;NA;NA;NA;NA;NA;NA;NA;
584;LPL Financial Holdings;$4,049;NA;NA;NA;NA;NA;NA;NA;NA;
585;Sprouts Farmers Market;$4,046;NA;NA;NA;NA;NA;NA;NA;NA;
586;Swift Transportation;$4,032;NA;NA;NA;NA;NA;NA;NA;NA;
587;Bemis;$4,004;NA;NA;NA;NA;NA;NA;NA;NA;
588;Tiffany;$4,002;NA;NA;NA;NA;NA;NA;NA;NA;
589;Flowserve;$3,992;NA;NA;NA;NA;NA;NA;NA;NA;
590;CNO Financial Group;$3,985;NA;NA;NA;NA;NA;NA;NA;NA;
591;Fastenal;$3,962;NA;NA;NA;NA;NA;NA;NA;NA;
592;Sally Beauty Holdings;$3,953;NA;NA;NA;NA;NA;NA;NA;NA;
593;American Axle & Manufacturing;$3,948;NA;NA;NA;NA;NA;NA;NA;NA;
594;Flowers Foods;$3,927;NA;NA;NA;NA;NA;NA;NA;NA;
595;Andersons;$3,925;NA;NA;NA;NA;NA;NA;NA;NA;
596;Crown Castle International;$3,921;NA;NA;NA;NA;NA;NA;NA;NA;
597;Boise Cascade;$3,911;NA;NA;NA;NA;NA;NA;NA;NA;
598;ON Semiconductor;$3,907;NA;NA;NA;NA;NA;NA;NA;NA;
599;Chipotle Mexican Grill;$3,904;NA;NA;NA;NA;NA;NA;NA;NA;
600;Amkor Technology;$3,894;NA;NA;NA;NA;NA;NA;NA;NA;
601;Triumph Group;$3,886;NA;NA;NA;NA;NA;NA;NA;NA;
602;OneMain Holdings;$3,883;NA;NA;NA;NA;NA;NA;NA;NA;
603;General Cable;$3,858;NA;NA;NA;NA;NA;NA;NA;NA;
604;Ametek;$3,840;NA;NA;NA;NA;NA;NA;NA;NA;
605;Alon USA Energy;$3,832;NA;NA;NA;NA;NA;NA;NA;NA;
606;Pioneer Natural Resources;$3,824;NA;NA;NA;NA;NA;NA;NA;NA;
607;Martin Marietta Materials;$3,819;NA;NA;NA;NA;NA;NA;NA;NA;
608;Ingles Markets;$3,795;NA;NA;NA;NA;NA;NA;NA;NA;
609;Roper Technologies;$3,790;NA;NA;NA;NA;NA;NA;NA;NA;
610;Huntington Bancshares;$3,782;NA;NA;NA;NA;NA;NA;NA;NA;
611;Xylem;$3,771;NA;NA;NA;NA;NA;NA;NA;NA;
612;Unified Grocers;$3,762;NA;NA;NA;NA;NA;NA;NA;NA;
613;Leggett & Platt;$3,750;NA;NA;NA;NA;NA;NA;NA;NA;
614;Dentsply Sirona;$3,745;NA;NA;NA;NA;NA;NA;NA;NA;
615;CACI International;$3,744;NA;NA;NA;NA;NA;NA;NA;NA;
616;Mead Johnson Nutrition;$3,743;NA;NA;NA;NA;NA;NA;NA;NA;
617;C.R. Bard;$3,714;NA;NA;NA;NA;NA;NA;NA;NA;
618;Snap-on;$3,712;NA;NA;NA;NA;NA;NA;NA;NA;
619;HealthSouth;$3,707;NA;NA;NA;NA;NA;NA;NA;NA;
620;Nasdaq;$3,705;NA;NA;NA;NA;NA;NA;NA;NA;
621;Avaya;$3,702;NA;NA;NA;NA;NA;NA;NA;NA;
622;CF Industries Holdings;$3,685;NA;NA;NA;NA;NA;NA;NA;NA;
623;Carlisle;$3,675;NA;NA;NA;NA;NA;NA;NA;NA;
624;Equinix;$3,661;NA;NA;NA;NA;NA;NA;NA;NA;
625;LSC Communications;$3,654;NA;NA;NA;NA;NA;NA;NA;NA;
626;Colfax;$3,647;NA;NA;NA;NA;NA;NA;NA;NA;
627;Lennox International;$3,642;NA;NA;NA;NA;NA;NA;NA;NA;
628;Iasis Healthcare;$3,638;NA;NA;NA;NA;NA;NA;NA;NA;
629;Silgan Holdings;$3,613;NA;NA;NA;NA;NA;NA;NA;NA;
630;American Eagle Outfitters;$3,610;NA;NA;NA;NA;NA;NA;NA;NA;
631;Moody’s;$3,604;NA;NA;NA;NA;NA;NA;NA;NA;
632;Calumet Specialty Products Partners;$3,599;NA;NA;NA;NA;NA;NA;NA;NA;
633;CME Group;$3,595;NA;NA;NA;NA;NA;NA;NA;NA;
634;KB Home;$3,595;NA;NA;NA;NA;NA;NA;NA;NA;
635;Vulcan Materials;$3,593;NA;NA;NA;NA;NA;NA;NA;NA;
636;Platform Specialty Products;$3,586;NA;NA;NA;NA;NA;NA;NA;NA;
637;Vantiv;$3,579;NA;NA;NA;NA;NA;NA;NA;NA;
638;Skechers U.S.A.;$3,577;NA;NA;NA;NA;NA;NA;NA;NA;
639;Zebra Technologies;$3,574;NA;NA;NA;NA;NA;NA;NA;NA;
640;Hub Group;$3,573;NA;NA;NA;NA;NA;NA;NA;NA;
641;HSN;$3,568;NA;NA;NA;NA;NA;NA;NA;NA;
642;Stericycle;$3,562;NA;NA;NA;NA;NA;NA;NA;NA;
643;National General Holdings;$3,550;NA;NA;NA;NA;NA;NA;NA;NA;
644;Taylor Morrison Home;$3,550;NA;NA;NA;NA;NA;NA;NA;NA;
645;Urban Outfitters;$3,546;NA;NA;NA;NA;NA;NA;NA;NA;
646;Resolute Forest Products;$3,545;NA;NA;NA;NA;NA;NA;NA;NA;
647;ScanSource;$3,540;NA;NA;NA;NA;NA;NA;NA;NA;
648;Camping World Holdings;$3,527;NA;NA;NA;NA;NA;NA;NA;NA;
649;Iron Mountain;$3,525;NA;NA;NA;NA;NA;NA;NA;NA;
650;Hubbell;$3,505;NA;NA;NA;NA;NA;NA;NA;NA;
651;Pinnacle West Capital;$3,499;NA;NA;NA;NA;NA;NA;NA;NA;
652;Church & Dwight;$3,493;NA;NA;NA;NA;NA;NA;NA;NA;
653;Noble Energy;$3,491;NA;NA;NA;NA;NA;NA;NA;NA;
654;Albemarle;$3,491;NA;NA;NA;NA;NA;NA;NA;NA;
655;Cooper-Standard Holdings;$3,473;NA;NA;NA;NA;NA;NA;NA;NA;
656;KKR;$3,461;NA;NA;NA;NA;NA;NA;NA;NA;
657;Country Financial;$3,458;NA;NA;NA;NA;NA;NA;NA;NA;
658;Ventas;$3,444;NA;NA;NA;NA;NA;NA;NA;NA;
659;Hexion;$3,438;NA;NA;NA;NA;NA;NA;NA;NA;
660;Analog Devices;$3,421;NA;NA;NA;NA;NA;NA;NA;NA;
661;Citrix Systems;$3,418;NA;NA;NA;NA;NA;NA;NA;NA;
662;Green Plains;$3,411;NA;NA;NA;NA;NA;NA;NA;NA;
663;Pitney Bowes;$3,407;NA;NA;NA;NA;NA;NA;NA;NA;
664;Scripps Networks Interactive;$3,401;NA;NA;NA;NA;NA;NA;NA;NA;
665;Darling Ingredients;$3,398;NA;NA;NA;NA;NA;NA;NA;NA;
666;Wayfair;$3,380;NA;NA;NA;NA;NA;NA;NA;NA;
667;Tailored Brands;$3,379;NA;NA;NA;NA;NA;NA;NA;NA;
668;Sabre;$3,373;NA;NA;NA;NA;NA;NA;NA;NA;
669;Global Payments;$3,371;NA;NA;NA;NA;NA;NA;NA;NA;
670;Atmos Energy;$3,350;NA;NA;NA;NA;NA;NA;NA;NA;
671;TEGNA;$3,341;NA;NA;NA;NA;NA;NA;NA;NA;
672;Diebold Nixdorf;$3,341;NA;NA;NA;NA;NA;NA;NA;NA;
673;PolyOne;$3,340;NA;NA;NA;NA;NA;NA;NA;NA;
674;TD Ameritrade Holding;$3,334;NA;NA;NA;NA;NA;NA;NA;NA;
675;Abercrombie & Fitch;$3,327;NA;NA;NA;NA;NA;NA;NA;NA;
676;Greif;$3,324;NA;NA;NA;NA;NA;NA;NA;NA;
677;Alliant Energy;$3,320;NA;NA;NA;NA;NA;NA;NA;NA;
678;American Water Works;$3,302;NA;NA;NA;NA;NA;NA;NA;NA;
679;Acuity Brands;$3,291;NA;NA;NA;NA;NA;NA;NA;NA;
680;Skyworks Solutions;$3,289;NA;NA;NA;NA;NA;NA;NA;NA;
681;FMC;$3,282;NA;NA;NA;NA;NA;NA;NA;NA;
682;Amerco;$3,276;NA;NA;NA;NA;NA;NA;NA;NA;
683;CUNA Mutual Group;$3,272;NA;NA;NA;NA;NA;NA;NA;NA;
684;Brinker International;$3,258;NA;NA;NA;NA;NA;NA;NA;NA;
685;Buckeye Partners;$3,248;NA;NA;NA;NA;NA;NA;NA;NA;
686;Warner Music Group;$3,246;NA;NA;NA;NA;NA;NA;NA;NA;
687;Universal Forest Products;$3,241;NA;NA;NA;NA;NA;NA;NA;NA;
688;American National Insurance;$3,228;NA;NA;NA;NA;NA;NA;NA;NA;
689;Mercury General;$3,228;NA;NA;NA;NA;NA;NA;NA;NA;
690;Regal Beloit;$3,225;NA;NA;NA;NA;NA;NA;NA;NA;
691;Varian Medical Systems;$3,218;NA;NA;NA;NA;NA;NA;NA;NA;
692;Aaron’s;$3,208;NA;NA;NA;NA;NA;NA;NA;NA;
693;Visteon;$3,206;NA;NA;NA;NA;NA;NA;NA;NA;
694;Carter’s;$3,199;NA;NA;NA;NA;NA;NA;NA;NA;
695;Meritor;$3,199;NA;NA;NA;NA;NA;NA;NA;NA;
696;Regal Entertainment Group;$3,197;NA;NA;NA;NA;NA;NA;NA;NA;
697;Mednax;$3,183;NA;NA;NA;NA;NA;NA;NA;NA;
698;TransDigm Group;$3,171;NA;NA;NA;NA;NA;NA;NA;NA;
699;Landstar System;$3,168;NA;NA;NA;NA;NA;NA;NA;NA;
700;Puget Energy;$3,164;NA;NA;NA;NA;NA;NA;NA;NA;
701;Coca-Cola Bottling;$3,156;NA;NA;NA;NA;NA;NA;NA;NA;
702;Kar Auction Services;$3,150;NA;NA;NA;NA;NA;NA;NA;NA;
703;Equifax;$3,145;NA;NA;NA;NA;NA;NA;NA;NA;
704;Groupon;$3,143;NA;NA;NA;NA;NA;NA;NA;NA;
705;IAC/InterActiveCorp;$3,140;NA;NA;NA;NA;NA;NA;NA;NA;
706;Weis Markets;$3,137;NA;NA;NA;NA;NA;NA;NA;NA;
707;Allegheny Technologies;$3,135;NA;NA;NA;NA;NA;NA;NA;NA;
708;Pinnacle Foods;$3,128;NA;NA;NA;NA;NA;NA;NA;NA;
709;Tempur Sealy International;$3,127;NA;NA;NA;NA;NA;NA;NA;NA;
710;SkyWest;$3,121;NA;NA;NA;NA;NA;NA;NA;NA;
711;International Flavors & Fragrances;$3,116;NA;NA;NA;NA;NA;NA;NA;NA;
712;BMC Stock Holdings;$3,094;NA;NA;NA;NA;NA;NA;NA;NA;
713;Brown-Forman;$3,089;NA;NA;NA;NA;NA;NA;NA;NA;
714;Alexion Pharmaceuticals;$3,084;NA;NA;NA;NA;NA;NA;NA;NA;
715;KapStone Paper & Packaging;$3,077;NA;NA;NA;NA;NA;NA;NA;NA;
716;Time;$3,076;NA;NA;NA;NA;NA;NA;NA;NA;
717;TriNet Group;$3,060;NA;NA;NA;NA;NA;NA;NA;NA;
718;Steelcase;$3,060;NA;NA;NA;NA;NA;NA;NA;NA;
719;EchoStar;$3,057;NA;NA;NA;NA;NA;NA;NA;NA;
720;Sentry Insurance Group;$3,053;NA;NA;NA;NA;NA;NA;NA;NA;
721;Monster Beverage;$3,049;NA;NA;NA;NA;NA;NA;NA;NA;
722;Gannett;$3,048;NA;NA;NA;NA;NA;NA;NA;NA;
723;Fossil Group;$3,042;NA;NA;NA;NA;NA;NA;NA;NA;
724;Univision Communications;$3,042;NA;NA;NA;NA;NA;NA;NA;NA;
725;Meritage Homes;$3,042;NA;NA;NA;NA;NA;NA;NA;NA;
726;MRC Global;$3,041;NA;NA;NA;NA;NA;NA;NA;NA;
727;H&R Block;$3,038;NA;NA;NA;NA;NA;NA;NA;NA;
728;Penn National Gaming;$3,034;NA;NA;NA;NA;NA;NA;NA;NA;
729;Service Corp. International;$3,031;NA;NA;NA;NA;NA;NA;NA;NA;
730;Brink’s;$3,021;NA;NA;NA;NA;NA;NA;NA;NA;
731;Old Dominion Freight Line;$2,992;NA;NA;NA;NA;NA;NA;NA;NA;
732;Triple-S Management;$2,985;NA;NA;NA;NA;NA;NA;NA;NA;
733;KLA-Tencor;$2,985;NA;NA;NA;NA;NA;NA;NA;NA;
734;Edwards Lifesciences;$2,964;NA;NA;NA;NA;NA;NA;NA;NA;
735;Rent-A-Center;$2,963;NA;NA;NA;NA;NA;NA;NA;NA;
736;Comerica;$2,960;NA;NA;NA;NA;NA;NA;NA;NA;
737;Paychex;$2,952;NA;NA;NA;NA;NA;NA;NA;NA;
738;First Solar;$2,951;NA;NA;NA;NA;NA;NA;NA;NA;
739;Insperity;$2,941;NA;NA;NA;NA;NA;NA;NA;NA;
740;Scotts Miracle-Gro;$2,937;NA;NA;NA;NA;NA;NA;NA;NA;
741;B/E Aerospace;$2,933;NA;NA;NA;NA;NA;NA;NA;NA;
742;Westinghouse Air Brake Technologies;$2,931;NA;NA;NA;NA;NA;NA;NA;NA;
743;Cooper Tire & Rubber;$2,925;NA;NA;NA;NA;NA;NA;NA;NA;
744;Cinemark Holdings;$2,919;NA;NA;NA;NA;NA;NA;NA;NA;
745;Keysight Technologies;$2,918;NA;NA;NA;NA;NA;NA;NA;NA;
746;Convergys;$2,914;NA;NA;NA;NA;NA;NA;NA;NA;
747;Cracker Barrel Old Country Store;$2,912;NA;NA;NA;NA;NA;NA;NA;NA;
748;PriceSmart;$2,905;NA;NA;NA;NA;NA;NA;NA;NA;
749;Broadridge Financial Solutions;$2,897;NA;NA;NA;NA;NA;NA;NA;NA;
750;Scientific Games;$2,883;NA;NA;NA;NA;NA;NA;NA;NA;
751;Genesco;$2,868;NA;NA;NA;NA;NA;NA;NA;NA;
752;MSC Industrial Direct;$2,864;NA;NA;NA;NA;NA;NA;NA;NA;
753;Ryerson Holding;$2,860;NA;NA;NA;NA;NA;NA;NA;NA;
754;Acadia Healthcare;$2,853;NA;NA;NA;NA;NA;NA;NA;NA;
755;Hologic;$2,833;NA;NA;NA;NA;NA;NA;NA;NA;
756;Unisys;$2,821;NA;NA;NA;NA;NA;NA;NA;NA;
757;Worthington Industries;$2,820;NA;NA;NA;NA;NA;NA;NA;NA;
758;Sanderson Farms;$2,816;NA;NA;NA;NA;NA;NA;NA;NA;
759;WABCO Holdings;$2,810;NA;NA;NA;NA;NA;NA;NA;NA;
760;Panera Bread;$2,795;NA;NA;NA;NA;NA;NA;NA;NA;
761;Metaldyne Performance Group;$2,791;NA;NA;NA;NA;NA;NA;NA;NA;
762;Medical Mutual of Ohio;$2,757;NA;NA;NA;NA;NA;NA;NA;NA;
763;AMC Networks;$2,756;NA;NA;NA;NA;NA;NA;NA;NA;
764;Clean Harbors;$2,755;NA;NA;NA;NA;NA;NA;NA;NA;
765;Hovnanian Enterprises;$2,752;NA;NA;NA;NA;NA;NA;NA;NA;
766;TrueBlue;$2,751;NA;NA;NA;NA;NA;NA;NA;NA;
767;Crane;$2,748;NA;NA;NA;NA;NA;NA;NA;NA;
768;ServiceMaster Global Holdings;$2,746;NA;NA;NA;NA;NA;NA;NA;NA;
769;Sinclair Broadcast Group;$2,737;NA;NA;NA;NA;NA;NA;NA;NA;
770;Mutual of America Life Insurance;$2,725;NA;NA;NA;NA;NA;NA;NA;NA;
771;BGC Partners;$2,721;NA;NA;NA;NA;NA;NA;NA;NA;
772;DSW;$2,711;NA;NA;NA;NA;NA;NA;NA;NA;
773;Intuitive Surgical;$2,704;NA;NA;NA;NA;NA;NA;NA;NA;
774;ArcBest;$2,700;NA;NA;NA;NA;NA;NA;NA;NA;
775;PC Connection;$2,693;NA;NA;NA;NA;NA;NA;NA;NA;
776;A.O. Smith;$2,686;NA;NA;NA;NA;NA;NA;NA;NA;
777;Greenbrier Cos.;$2,680;NA;NA;NA;NA;NA;NA;NA;NA;
778;Great Plains Energy;$2,676;NA;NA;NA;NA;NA;NA;NA;NA;
779;Bon-Ton Stores;$2,674;NA;NA;NA;NA;NA;NA;NA;NA;
780;Dycom Industries;$2,673;NA;NA;NA;NA;NA;NA;NA;NA;
781;Timken;$2,670;NA;NA;NA;NA;NA;NA;NA;NA;
782;Aleris;$2,664;NA;NA;NA;NA;NA;NA;NA;NA;
783;Legg Mason;$2,661;NA;NA;NA;NA;NA;NA;NA;NA;
784;Hill-Rom Holdings;$2,655;NA;NA;NA;NA;NA;NA;NA;NA;
785;Stifel Financial;$2,642;NA;NA;NA;NA;NA;NA;NA;NA;
786;Verso;$2,641;NA;NA;NA;NA;NA;NA;NA;NA;
787;Qorvo;$2,611;NA;NA;NA;NA;NA;NA;NA;NA;
788;Ciena;$2,601;NA;NA;NA;NA;NA;NA;NA;NA;
789;Tetra Tech;$2,584;NA;NA;NA;NA;NA;NA;NA;NA;
790;Caleres;$2,579;NA;NA;NA;NA;NA;NA;NA;NA;
791;Pool;$2,571;NA;NA;NA;NA;NA;NA;NA;NA;
792;Hyster-Yale Materials Handling;$2,570;NA;NA;NA;NA;NA;NA;NA;NA;
793;Westar Energy;$2,562;NA;NA;NA;NA;NA;NA;NA;NA;
794;Public Storage;$2,561;NA;NA;NA;NA;NA;NA;NA;NA;
795;Plexus;$2,556;NA;NA;NA;NA;NA;NA;NA;NA;
796;Boston Properties;$2,551;NA;NA;NA;NA;NA;NA;NA;NA;
797;GNC Holdings;$2,540;NA;NA;NA;NA;NA;NA;NA;NA;
798;HCP;$2,538;NA;NA;NA;NA;NA;NA;NA;NA;
799;Penn Mutual Life Insurance;$2,537;NA;NA;NA;NA;NA;NA;NA;NA;
800;TTM Technologies;$2,533;NA;NA;NA;NA;NA;NA;NA;NA;
801;Prologis;$2,533;NA;NA;NA;NA;NA;NA;NA;NA;
802;Twitter;$2,530;NA;NA;NA;NA;NA;NA;NA;NA;
803;Kemper;$2,522;NA;NA;NA;NA;NA;NA;NA;NA;
804;Valmont Industries;$2,522;NA;NA;NA;NA;NA;NA;NA;NA;
805;Crestwood Equity Partners;$2,521;NA;NA;NA;NA;NA;NA;NA;NA;
806;Applied Industrial Technologies;$2,519;NA;NA;NA;NA;NA;NA;NA;NA;
807;VCA;$2,517;NA;NA;NA;NA;NA;NA;NA;NA;
808;Granite Construction;$2,515;NA;NA;NA;NA;NA;NA;NA;NA;
809;Vornado Realty Trust;$2,510;NA;NA;NA;NA;NA;NA;NA;NA;
810;Mettler-Toledo International;$2,508;NA;NA;NA;NA;NA;NA;NA;NA;
811;A. Schulman;$2,496;NA;NA;NA;NA;NA;NA;NA;NA;
812;Wolverine World Wide;$2,495;NA;NA;NA;NA;NA;NA;NA;NA;
813;Graham Holdings;$2,482;NA;NA;NA;NA;NA;NA;NA;NA;
814;Chico’s FAS;$2,476;NA;NA;NA;NA;NA;NA;NA;NA;
815;Domino’s Pizza;$2,473;NA;NA;NA;NA;NA;NA;NA;NA;
816;Zions Bancorp.;$2,470;NA;NA;NA;NA;NA;NA;NA;NA;
817;Southwest Gas Holdings;$2,461;NA;NA;NA;NA;NA;NA;NA;NA;
818;Tops Holding;$2,457;NA;NA;NA;NA;NA;NA;NA;NA;
819;Hawaiian Holdings;$2,451;NA;NA;NA;NA;NA;NA;NA;NA;
820;Vectren;$2,448;NA;NA;NA;NA;NA;NA;NA;NA;
821;Gartner;$2,445;NA;NA;NA;NA;NA;NA;NA;NA;
822;On Assignment;$2,440;NA;NA;NA;NA;NA;NA;NA;NA;
823;Southwestern Energy;$2,436;NA;NA;NA;NA;NA;NA;NA;NA;
824;Parexel International;$2,426;NA;NA;NA;NA;NA;NA;NA;NA;
825;Equity Residential;$2,426;NA;NA;NA;NA;NA;NA;NA;NA;
826;J.Crew Group;$2,426;NA;NA;NA;NA;NA;NA;NA;NA;
827;Synopsys;$2,423;NA;NA;NA;NA;NA;NA;NA;NA;
828;Moog;$2,412;NA;NA;NA;NA;NA;NA;NA;NA;
829;Cabot;$2,411;NA;NA;NA;NA;NA;NA;NA;NA;
830;ITT;$2,405;NA;NA;NA;NA;NA;NA;NA;NA;
831;TRI Pointe Group;$2,405;NA;NA;NA;NA;NA;NA;NA;NA;
832;Maximus;$2,403;NA;NA;NA;NA;NA;NA;NA;NA;
833;Illumina;$2,398;NA;NA;NA;NA;NA;NA;NA;NA;
834;Amica Mutual Insurance;$2,397;NA;NA;NA;NA;NA;NA;NA;NA;
835;Alere;$2,395;NA;NA;NA;NA;NA;NA;NA;NA;
836;Toro;$2,392;NA;NA;NA;NA;NA;NA;NA;NA;
837;Sprague Resources;$2,390;NA;NA;NA;NA;NA;NA;NA;NA;
838;G-III Apparel Group;$2,386;NA;NA;NA;NA;NA;NA;NA;NA;
839;Hawaiian Electric Industries;$2,381;NA;NA;NA;NA;NA;NA;NA;NA;
840;Pinnacle Entertainment;$2,379;NA;NA;NA;NA;NA;NA;NA;NA;
841;Columbia Sportswear;$2,377;NA;NA;NA;NA;NA;NA;NA;NA;
842;First Republic Bank;$2,376;NA;NA;NA;NA;NA;NA;NA;NA;
843;Komatsu Mining;$2,371;NA;NA;NA;NA;NA;NA;NA;NA;
844;Trimble;$2,362;NA;NA;NA;NA;NA;NA;NA;NA;
845;Edgewell Personal Care;$2,362;NA;NA;NA;NA;NA;NA;NA;NA;
846;Belden;$2,357;NA;NA;NA;NA;NA;NA;NA;NA;
847;DST Systems;$2,355;NA;NA;NA;NA;NA;NA;NA;NA;
848;WGL Holdings;$2,350;NA;NA;NA;NA;NA;NA;NA;NA;
849;GGP;$2,346;NA;NA;NA;NA;NA;NA;NA;NA;
850;Brocade Communications Systems;$2,346;NA;NA;NA;NA;NA;NA;NA;NA;
851;Akamai Technologies;$2,340;NA;NA;NA;NA;NA;NA;NA;NA;
852;Nationstar Mortgage Holdings;$2,340;NA;NA;NA;NA;NA;NA;NA;NA;
853;Annaly Capital Management;$2,339;NA;NA;NA;NA;NA;NA;NA;NA;
854;Kansas City Southern;$2,334;NA;NA;NA;NA;NA;NA;NA;NA;
855;Revlon;$2,334;NA;NA;NA;NA;NA;NA;NA;NA;
856;AptarGroup;$2,331;NA;NA;NA;NA;NA;NA;NA;NA;
857;MDC Holdings;$2,327;NA;NA;NA;NA;NA;NA;NA;NA;
858;Vishay Intertechnology;$2,323;NA;NA;NA;NA;NA;NA;NA;NA;
859;Teradata;$2,322;NA;NA;NA;NA;NA;NA;NA;NA;
860;Spirit Airlines;$2,322;NA;NA;NA;NA;NA;NA;NA;NA;
861;EnerSys;$2,316;NA;NA;NA;NA;NA;NA;NA;NA;
862;Snyder’s-Lance;$2,314;NA;NA;NA;NA;NA;NA;NA;NA;
863;Benchmark Electronics;$2,310;NA;NA;NA;NA;NA;NA;NA;NA;
864;West;$2,292;NA;NA;NA;NA;NA;NA;NA;NA;
865;Selective Insurance Group;$2,284;NA;NA;NA;NA;NA;NA;NA;NA;
866;Party City Holdco;$2,283;NA;NA;NA;NA;NA;NA;NA;NA;
867;Cheesecake Factory;$2,276;NA;NA;NA;NA;NA;NA;NA;NA;
868;Lincoln Electric Holdings;$2,275;NA;NA;NA;NA;NA;NA;NA;NA;
869;Carlyle Group;$2,274;NA;NA;NA;NA;NA;NA;NA;NA;
870;Enable Midstream Partners;$2,272;NA;NA;NA;NA;NA;NA;NA;NA;
871;Oceaneering International;$2,272;NA;NA;NA;NA;NA;NA;NA;NA;
872;Vista Outdoor;$2,271;NA;NA;NA;NA;NA;NA;NA;NA;
873;Middleby;$2,268;NA;NA;NA;NA;NA;NA;NA;NA;
874;Herman Miller;$2,265;NA;NA;NA;NA;NA;NA;NA;NA;
875;PerkinElmer;$2,262;NA;NA;NA;NA;NA;NA;NA;NA;
876;OGE Energy;$2,259;NA;NA;NA;NA;NA;NA;NA;NA;
877;PCM;$2,251;NA;NA;NA;NA;NA;NA;NA;NA;
878;Louisiana-Pacific;$2,233;NA;NA;NA;NA;NA;NA;NA;NA;
879;MPM Holdings;$2,233;NA;NA;NA;NA;NA;NA;NA;NA;
880;Knights of Columbus;$2,228;NA;NA;NA;NA;NA;NA;NA;NA;
881;Apollo Global Management;$2,222;NA;NA;NA;NA;NA;NA;NA;NA;
882;Donaldson;$2,220;NA;NA;NA;NA;NA;NA;NA;NA;
883;American Equity Investment Life Holding;$2,220;NA;NA;NA;NA;NA;NA;NA;NA;
884;Super Micro Computer;$2,216;NA;NA;NA;NA;NA;NA;NA;NA;
885;Xilinx;$2,214;NA;NA;NA;NA;NA;NA;NA;NA;
886;Tupperware Brands;$2,213;NA;NA;NA;NA;NA;NA;NA;NA;
887;Guess;$2,209;NA;NA;NA;NA;NA;NA;NA;NA;
888;Nu Skin Enterprises;$2,208;NA;NA;NA;NA;NA;NA;NA;NA;
889;Magellan Midstream Partners;$2,205;NA;NA;NA;NA;NA;NA;NA;NA;
890;HNI;$2,204;NA;NA;NA;NA;NA;NA;NA;NA;
891;Maxim Integrated Products;$2,195;NA;NA;NA;NA;NA;NA;NA;NA;
892;Affiliated Managers Group;$2,195;NA;NA;NA;NA;NA;NA;NA;NA;
893;Express;$2,193;NA;NA;NA;NA;NA;NA;NA;NA;
894;Boyd Gaming;$2,184;NA;NA;NA;NA;NA;NA;NA;NA;
895;GEO Group;$2,180;NA;NA;NA;NA;NA;NA;NA;NA;
896;Tribune Media;$2,174;NA;NA;NA;NA;NA;NA;NA;NA;
897;Microchip Technology;$2,173;NA;NA;NA;NA;NA;NA;NA;NA;
898;Fitbit;$2,170;NA;NA;NA;NA;NA;NA;NA;NA;
899;Waters;$2,167;NA;NA;NA;NA;NA;NA;NA;NA;
900;Teledyne Technologies;$2,150;NA;NA;NA;NA;NA;NA;NA;NA;
901;Digital Realty Trust;$2,142;NA;NA;NA;NA;NA;NA;NA;NA;
902;RH;$2,135;NA;NA;NA;NA;NA;NA;NA;NA;
903;Fred’s;$2,125;NA;NA;NA;NA;NA;NA;NA;NA;
904;Universal;$2,120;NA;NA;NA;NA;NA;NA;NA;NA;
905;CDK Global;$2,115;NA;NA;NA;NA;NA;NA;NA;NA;
906;IDEX;$2,113;NA;NA;NA;NA;NA;NA;NA;NA;
907;Cliffs Natural Resources;$2,109;NA;NA;NA;NA;NA;NA;NA;NA;
908;Curtiss-Wright;$2,109;NA;NA;NA;NA;NA;NA;NA;NA;
909;Verisk Analytics;$2,108;NA;NA;NA;NA;NA;NA;NA;NA;
910;NOW;$2,107;NA;NA;NA;NA;NA;NA;NA;NA;
911;Apollo Education Group;$2,105;NA;NA;NA;NA;NA;NA;NA;NA;
912;Kennametal;$2,098;NA;NA;NA;NA;NA;NA;NA;NA;
913;H.B. Fuller;$2,095;NA;NA;NA;NA;NA;NA;NA;NA;
914;PharMerica;$2,091;NA;NA;NA;NA;NA;NA;NA;NA;
915;Engility Holdings;$2,076;NA;NA;NA;NA;NA;NA;NA;NA;
916;Sears Hometown & Outlet Stores;$2,070;NA;NA;NA;NA;NA;NA;NA;NA;
917;Bio-Rad Laboratories;$2,068;NA;NA;NA;NA;NA;NA;NA;NA;
918;Federated Mutual Insurance;$2,062;NA;NA;NA;NA;NA;NA;NA;NA;
919;Mueller Industries;$2,056;NA;NA;NA;NA;NA;NA;NA;NA;
920;Red Hat;$2,052;NA;NA;NA;NA;NA;NA;NA;NA;
921;NewMarket;$2,050;NA;NA;NA;NA;NA;NA;NA;NA;
922;Hospitality Properties Trust;$2,047;NA;NA;NA;NA;NA;NA;NA;NA;
923;AvalonBay Communities;$2,045;NA;NA;NA;NA;NA;NA;NA;NA;
924;Renewable Energy Group;$2,041;NA;NA;NA;NA;NA;NA;NA;NA;
925;Consol Energy;$2,040;NA;NA;NA;NA;NA;NA;NA;NA;
926;Ferrellgas Partners;$2,039;NA;NA;NA;NA;NA;NA;NA;NA;
927;Tower International;$2,033;NA;NA;NA;NA;NA;NA;NA;NA;
928;Autodesk;$2,031;NA;NA;NA;NA;NA;NA;NA;NA;
929;99 Cents Only Stores;$2,027;NA;NA;NA;NA;NA;NA;NA;NA;
930;E*Trade Financial;$2,026;NA;NA;NA;NA;NA;NA;NA;NA;
931;Woodward;$2,023;NA;NA;NA;NA;NA;NA;NA;NA;
932;Esterline Technologies;$2,015;NA;NA;NA;NA;NA;NA;NA;NA;
933;Itron;$2,013;NA;NA;NA;NA;NA;NA;NA;NA;
934;Werner Enterprises;$2,009;NA;NA;NA;NA;NA;NA;NA;NA;
935;Stewart Information Services;$2,007;NA;NA;NA;NA;NA;NA;NA;NA;
936;Hexcel;$2,004;NA;NA;NA;NA;NA;NA;NA;NA;
937;Genesee & Wyoming;$2,002;NA;NA;NA;NA;NA;NA;NA;NA;
938;Primoris Services;$1,997;NA;NA;NA;NA;NA;NA;NA;NA;
939;SPX FLOW;$1,996;NA;NA;NA;NA;NA;NA;NA;NA;
940;F5 Networks;$1,995;NA;NA;NA;NA;NA;NA;NA;NA;
941;VeriFone Systems;$1,992;NA;NA;NA;NA;NA;NA;NA;NA;
942;Texas Roadhouse;$1,991;NA;NA;NA;NA;NA;NA;NA;NA;
943;NLV Financial;$1,989;NA;NA;NA;NA;NA;NA;NA;NA;
944;Buffalo Wild Wings;$1,987;NA;NA;NA;NA;NA;NA;NA;NA;
945;Continental Resources;$1,980;NA;NA;NA;NA;NA;NA;NA;NA;
946;Arch Coal;$1,974;NA;NA;NA;NA;NA;NA;NA;NA;
947;Roadrunner Transportation Systems;$1,972;NA;NA;NA;NA;NA;NA;NA;NA;
948;Cooper Cos.;$1,967;NA;NA;NA;NA;NA;NA;NA;NA;
949;hhgregg;$1,960;NA;NA;NA;NA;NA;NA;NA;NA;
950;Euronet Worldwide;$1,959;NA;NA;NA;NA;NA;NA;NA;NA;
951;Griffon;$1,957;NA;NA;NA;NA;NA;NA;NA;NA;
952;CoreLogic;$1,953;NA;NA;NA;NA;NA;NA;NA;NA;
953;Nuance Communications;$1,949;NA;NA;NA;NA;NA;NA;NA;NA;
954;Matson;$1,942;NA;NA;NA;NA;NA;NA;NA;NA;
955;Popular;$1,933;NA;NA;NA;NA;NA;NA;NA;NA;
956;Alliance Holdings;$1,931;NA;NA;NA;NA;NA;NA;NA;NA;
957;REV Group;$1,926;NA;NA;NA;NA;NA;NA;NA;NA;
958;Rexnord;$1,924;NA;NA;NA;NA;NA;NA;NA;NA;
959;Cypress Semiconductor;$1,923;NA;NA;NA;NA;NA;NA;NA;NA;
960;Portland General Electric;$1,923;NA;NA;NA;NA;NA;NA;NA;NA;
961;Ply Gem Holdings;$1,912;NA;NA;NA;NA;NA;NA;NA;NA;
962;Cal-Maine Foods;$1,909;NA;NA;NA;NA;NA;NA;NA;NA;
963;Alliance One International;$1,905;NA;NA;NA;NA;NA;NA;NA;NA;
964;AMN Healthcare Services;$1,902;NA;NA;NA;NA;NA;NA;NA;NA;
965;American Greetings;$1,901;NA;NA;NA;NA;NA;NA;NA;NA;
966;Blackhawk Network Holdings;$1,900;NA;NA;NA;NA;NA;NA;NA;NA;
967;Pier 1 Imports;$1,892;NA;NA;NA;NA;NA;NA;NA;NA;
968;Finish Line;$1,889;NA;NA;NA;NA;NA;NA;NA;NA;
969;BlueLinx Holdings;$1,881;NA;NA;NA;NA;NA;NA;NA;NA;
970;New Jersey Resources;$1,881;NA;NA;NA;NA;NA;NA;NA;NA;
971;Deckers Outdoor;$1,875;NA;NA;NA;NA;NA;NA;NA;NA;
972;Murphy Oil;$1,874;NA;NA;NA;NA;NA;NA;NA;NA;
973;Teleflex;$1,868;NA;NA;NA;NA;NA;NA;NA;NA;
974;Par Pacific Holdings;$1,865;NA;NA;NA;NA;NA;NA;NA;NA;
975;SL Green Realty;$1,864;NA;NA;NA;NA;NA;NA;NA;NA;
976;GMS;$1,858;NA;NA;NA;NA;NA;NA;NA;NA;
977;CoreCivic;$1,850;NA;NA;NA;NA;NA;NA;NA;NA;
978;Deluxe;$1,849;NA;NA;NA;NA;NA;NA;NA;NA;
979;Catalent;$1,848;NA;NA;NA;NA;NA;NA;NA;NA;
980;GoDaddy;$1,848;NA;NA;NA;NA;NA;NA;NA;NA;
981;Wabash National;$1,845;NA;NA;NA;NA;NA;NA;NA;NA;
982;Adtalem Global Education;$1,844;NA;NA;NA;NA;NA;NA;NA;NA;
983;United Refining;$1,841;NA;NA;NA;NA;NA;NA;NA;NA;
984;Allison Transmission Holdings;$1,840;NA;NA;NA;NA;NA;NA;NA;NA;
985;Atlas Air Worldwide Holdings;$1,840;NA;NA;NA;NA;NA;NA;NA;NA;
986;ResMed;$1,839;NA;NA;NA;NA;NA;NA;NA;NA;
987;Delta Tucker Holdings;$1,836;NA;NA;NA;NA;NA;NA;NA;NA;
988;FleetCor Technologies;$1,832;NA;NA;NA;NA;NA;NA;NA;NA;
989;Central Garden & Pet;$1,829;NA;NA;NA;NA;NA;NA;NA;NA;
990;Beazer Homes USA;$1,822;NA;NA;NA;NA;NA;NA;NA;NA;
991;New York Community Bancorp;$1,820;NA;NA;NA;NA;NA;NA;NA;NA;
992;Cadence Design Systems;$1,816;NA;NA;NA;NA;NA;NA;NA;NA;
993;Carpenter Technology;$1,813;NA;NA;NA;NA;NA;NA;NA;NA;
994;Marriott Vacations Worldwide;$1,811;NA;NA;NA;NA;NA;NA;NA;NA;
995;FTI Consulting;$1,810;NA;NA;NA;NA;NA;NA;NA;NA;
996;Nordson;$1,809;NA;NA;NA;NA;NA;NA;NA;NA;
997;Briggs & Stratton;$1,809;NA;NA;NA;NA;NA;NA;NA;NA;
998;Kaman;$1,808;NA;NA;NA;NA;NA;NA;NA;NA;
999;Overstock.com;$1,800;NA;NA;NA;NA;NA;NA;NA;NA;
1000;Regis;$1,791;NA;NA;NA;NA;NA;NA;NA;NA;
